CODE,DOMES,STATION DESCRIPTION,LAT,LONG,HEIGHT
0BIS,M,0BIS ,57.72505556,11.89191667,131.5
0FRL,M,0FRL ,57.65025,11.91219444,112.7
0HDG,M,0HDG ,59.22172222,17.93408333,107.5
0HNA,M,0HNA ,60.53488889,17.88005556,42.3
0KRO,M,0KRO ,57.68022222,11.9845,127.5
0KTH,M,0KTH ,59.34991667,18.06938889,75.4
0LOD,M,0LOD ,55.76694444,12.99575,56.4
0MOS,M,0MOS ,59.31841667,18.07422222,91.4
0OKC,M,0OKC ,57.25194444,16.46536111,52.3
0SKL,M,0SKL ,55.47488889,14.27936111,58.1
0SKN,M,0SKN ,55.41377778,12.85794444,48.6
0STR,M,0STR ,58.93663889,11.18133333,76.8
0TYR,M,0TYR ,59.22194444,18.20558333,71.2
0VAR,M,0VAR ,57.10127778,12.25713889,78.2
0VIB,M,0VIB ,62.37380556,17.42775,150.1
0YST,M,0YST ,55.43263889,13.83636111,51
1BAG,M,1BAG ,57.72091667,12.01875,118.4
1GAT,M,1GAT ,60.66675,17.13163889,56.3
4GAV,M,4GAV ,60.66677778,17.13169444,56.2
5GAV,M,5GAV ,60.66652778,17.13238889,55.8
7601,M,METG_2PS ,60.24197222,24.38416667,59.7
AB01,49237M001,AtkaIslandAK2007 UNIT,52.2095,185.79525,25.5
AB02,70204M001,Nikolski__AK2007 ALAS,52.97061111,191.1453333,192.8
AB09,49419M001,Wales - Alaska U NITED,65.61497222,191.9378611,162.1
AB11,40421M002,Nome UNITED STAT ES OF,64.5645,194.6265278,349.4
AB15,70202M001,Nyac_Gold_AK2006 ALAS,61.03975,200.1216389,560.3
AB21,49381M001,Adak UNITED STAT ES OF,51.86413889,183.3373611,59.4
AB27,49256M001,Kobuk_VallAK2007 UNIT,67.05588889,203.0951111,508.1
AB45,49238M001,SagRivrDOTAK2007 UNIT,68.7605,211.1288611,507
AB51,49233M001,PetersburgAK2005 UNIT,56.79761111,227.0864444,76
ABMF,97103M001,Les Abymes - Raiz et ai,16.26230556,298.4724722,-25.5
ABPO,33302M001,Ambohimpanompo M ADAGA,-19.01830556,47.22922222,1553
AC02,70207M001,AkhiokCorpAK2005 ALAS,56.95058333,205.8169444,126.9
AC24,49239M001,KingsalmonAK2006 UNIT,58.68158333,203.34725,36.4
AC25,70206M001,King_Cove_AK2005 ALAS,55.08897222,197.6859444,584.3
AC40,70205M001,PortHeidenAK2007 ALAS,56.93036111,201.3814167,39.9
AC58,49257M001,StPaulIsldAK2008 UNIT,57.15608333,189.7821667,19.4
AC67,49380M001,Kodiak - Pillar M ounta,57.79072222,207.5745556,347.3
AC79,M,Montague2_AK2010 ,59.99786111,212.5969444,287.8
ACOR,13434M001,A Coruna SPAIN ,43.36438889,351.6010833,66.9
ADIS,31502M001,Addis Ababa Unive rsity,9.035138889,38.76630556,2437.1
ADRI,49637S001,Adrian Michigan UNIT,41.919,275.9757222,205.9
AHID,49202M001,AHID_EBRY_ID2000 UNIT,42.77311111,248.93625,1975.5
AIRA,21742S001,AIRA JAPAN ,31.82405556,130.5996111,312.7
AJAC,10077M005,Ajaccio FRANCE ,41.92747222,8.762611111,96.9
AL90,70101M001,ALDOT 9 DIV OFF ALABA,30.69083333,271.9682778,-17.4
AL92,49271M001,ALDOT 9 DIV DIS 2  UNI,30.91638889,272.2243056,60.9
ALBH,40129M003,VICTORIA/SIDNEY CANAD,48.38977778,236.5125278,29.9
ALBY,50191M001,Albany AUSTRALIA ,-34.95022222,117.8101944,36.6
ALDI,49396M001,Dauphin Island - Alaba,30.24916667,271.9220278,-19.2
ALGO,40104M002,Algonquin CANADA ,45.95580556,281.9286389,199.1
ALIC,50137M001,Alice springs - T elegr,-23.67011111,133.8855278,601.3
ALME,13437M001,Almeria SPAIN ,36.85252778,357.5405556,127.5
ALON,20719M001,Ashkelon - Waste treat,31.70794444,34.60663889,55.7
AMC4,40472S005,Colorado springs UNIT,38.80311111,255.4754167,1911.4
ANC2,49268M001,ANC AIRPORT 2 UN ITED,61.17522222,210.0165556,57.9
ANCN,19007M003,Ancona ITALY ,43.60713889,13.53161111,214
AND1,10365M001,Andenes NORWAY ,69.32605556,16.13480556,44.2
ANLX,19163M001,Angle UNITED KIN GDOM,51.68930556,354.9208333,73.9
ANMG,22720M001,Banting MALAYSIA ,2.784638889,101.5066111,14.9
ANTC,41713S001,Antuco CHILE ,-37.33869444,288.4679444,745.4
AREG,42202M008,Arequipa PERU ,-16.46541667,288.5070833,2489.4
AREQ,42202M005,Arequipa PERU ,-16.46552778,288.5071944,2486.9
ARGI,10117M002,Thorshavn FAROE (FAER,61.99736111,353.2164722,110.2
ARHT,66001M005,Mac Murdo ANTART ICA,-77.82944444,166.6636667,135.3
ARUC,12312M002,Yerevan ARMENIA ,40.28572222,44.08558333,1222.2
ASCG,30602M004,Ascension III BR ITISH,-7.916277778,345.6673333,36
ASPA,50503S006,AMERICAN SAMOA A MERIC,-14.32608333,189.2775556,53.5
AUCK,50209M001,Auckland NEW ZEA LAND,-36.60283333,174.8343889,132.7
AUTF,41515S001,Ushuaia I ARGENT INA,-54.83952778,291.6964444,71.9
BADG,12338M002,Badary RUSSIA ,51.76969444,102.235,809.5
BAIE,40151M001,Baie Comeau CANA DA,49.18683333,291.7366667,27.6
BAKE,40152M001,BAKER LAKE CANAD A,64.31783333,263.9976667,4.5
BAKO,23101M002,Cibinong INDONES IA,-6.491055556,106.8489167,158.1
BAMF,40190M001,Bamfield CANADA ,48.83533333,234.8648889,10.8
BARH,49927S001,BAR HARBOR UNITE D STA,44.39505556,291.7783056,6.8
BAUT,14102M001,BAUTZEN GERMANY ,51.19233333,14.52172222,211.8
BELE,41622M001,Belem BRAZIL ,-1.408805556,311.5374444,9
BET1,49250M001,Bethel Waas UNIT ED ST,60.78791667,198.1582778,51.7
BHR3,24901S002,BAHREIN (JUFFAR) BAHR,26.20913889,50.60813889,-13.9
BHR4,24901S002,BAHREIN (JUFFAR) BAHR,26.20913889,50.60813889,-13.9
BIAZ,10074M002,Biarritz FRANCE ,43.47197222,358.4630833,121.4
BIK0,12358M003,Bishkek KYRGYZ R EPUBL,42.85419444,74.53319444,743
BILL,M,Lake Skinner ,33.57825,242.9353889,470
BJFS,21601M001,BEIJING CHINA ,39.60861111,115.8925,87.5
BLUF,50234M001,Bluff NEW ZEALAN D,-46.58505556,168.2920833,124.6
BLW2,49219M001,BLW2_EBRY_WY2003 UNIT,42.76713889,250.4421944,2215.6
BOAV,41636M001,Boa Vista BRAZIL ,2.845194444,299.2988889,69.5
BOGT,41901M001,Bogota COLOMBIA ,4.640083333,285.9190556,2576.6
BOR1,12205M002,Borowiec POLAND ,52.27697222,17.07347222,124.4
BORJ,14268M002,Borkum GERMANY ,53.57891667,6.666444444,53
BRAZ,41606M001,Brasilia BRAZIL ,-15.94747222,312.1221389,1106
BREW,40473M001,BREWSTER UNITED STATE,48.13152778,240.3173611,238.6
BRO1,50176M003,Broome AUSTRALIA ,-18.00397222,122.2090833,42.2
BRST,10004M004,Brest FRANCE ,48.3805,355.5034167,65.8
BRUX,13101M010,Brussels Ukkle - Royal,50.79805556,4.358555556,156.3
BSHM,20705M001,HAIFA ISRAEL ,32.779,35.023,223.1
BSMK,49636S001,Bismark North Da kota,46.82113889,259.1833056,551.2
BUCU,11401M001,Bucarest ROMANIA ,44.46394444,26.12575,141.3
BUR2,50144M003,BURNIE AUSTRALIA ,-41.05005556,145.9148611,3.8
CABL,49763M001,CAPE BLANCO OREG ON U,42.83611111,235.4366667,37.8
CAGS,40147M001,Gatineau CANADA ,45.58502778,284.1926667,235
CAMP,19916M001,Campo dell ORO Aj accio,41.91825,8.790777778,60.8
CANE,10089M003,Cannes - La Bocca  FRA,43.55458333,7.015722222,91.1
CANT,13438M001,Cantabria SPAIN ,43.47197222,356.2019444,99.2
CAS1,66011M001,Casey ANTARTICA ,-66.28336111,110.5196944,20.6
CASC,13909S001,Cascais PORTUGAL ,38.69341667,350.5814722,76
CCJ2,21732M002,CHICHIJIMA / OGAS AWARA,27.06752778,142.1950278,102.2
CEBR,13408M001,Cebreros SPAIN ,40.45344444,355.6321389,775.8
CEDU,50138M001,Ceduna AUSTRALIA ,-31.86666667,133.8098333,144.7
CEFT,41682M001,Docas do Ceara B RAZIL,-3.710805556,321.5270833,4.9
CEU1,13449M002,Ceuta SPAIN ,35.89197222,354.6936111,52.4
CHAN,21611M002,Changchun CHINA ,43.79069444,125.4441944,271.4
CHCM,49277M001,Chimacum Schools UNIT,48.01061111,237.2241389,20.4
CHIL,40484M001,Chilao flates / S an Ga,34.33341667,241.974,1567.5
CHOF,21788M001,Chofu JAPAN ,35.67455556,139.5310556,93.9
CHPG,41609M004,Cachoeira Paulist a BR,-22.68227778,314.9976111,564.3
CHPI,41609M003,Cachoeira Paulist a BR,-22.68713889,315.0148333,617.4
CHTG,19622M001,Cherbourg FRANCE ,49.65125,358.3645278,54.9
CHTI,50242M001,Chatham Island No rth,-43.73547222,183.3828889,75.7
CHUM,25601M001,Chumysh KAZAKSTA N,42.9985,74.75111111,716.3
CHUR,40128M002,Churchill CANADA ,58.75908333,265.9112778,-19.2
CHZZ,49764M001,TILLAMOOK OREGON  UNI,45.48652778,236.0218889,50.8
CIBG,23101M005,Cibinong INDONES IA,-6.490361111,106.8491667,167.1
CIT1,40400S201,Pasadena - JPL Me sa U,34.13672222,241.8727222,215.3
CKIS,50213M003,Rarotonga NEW ZE ALAND,-21.20102778,200.1993889,18.4
CKSV,23606M002,Tainan TAIWAN ,22.99886111,120.22,59.7
CLGO,49935M001,COLLEGE/ALASKA U NITED,64.87377778,212.1395,196.1
CLRK,66104M001,Clarke Mountains ANTA,-77.34008333,218.1261944,999.8
CMUM,21908M001,Chiang Mai II TH AILAN,18.76088889,98.93238889,309
CN00,44103M001,Barbuda__ATG2012 ANTI,17.66852778,298.2144167,-21.9
CN12,42603M001,UWI_Mona_JAM2011 JAMA,18.00447222,283.2509444,169.9
CN35,44467M001,Prvdncia_COL2012 COLO,13.3755,278.6370833,47.9
CN40,86201M001,Curacao__CUW2011 CURA,12.18005556,291.042,33.3
CNCL,50246M001,Conical Hill NEW ZEAL,-43.66622222,169.8558611,1222.4
CNMR,50512M001,CAPITAL HILL/SAIP AN A,15.22969444,145.7430833,62.4
COCO,50127M001,Coco Islands AUS TRALI,-12.18833333,96.83397222,-37.3
CORD,41511M001,Cordoba GPS site ARGE,-31.52844444,295.5299444,746.8
COST,11407M001,Constanta ROMANI A,44.1615,28.65752778,46.2
COTE,66096M001,Mount Coates ANT ARTIC,-77.80591667,161.9978056,1878.4
CPVG,39601M001,Palmeira - Cape V erde,16.73205556,337.0650556,92.1
CRAR,66001M004,Mac Murdo ANTART ICA,-77.84805556,166.66825,-19.9
CRAT,41619M001,Crato BRAZIL ,-7.238027778,320.5843889,436
CRAU,18645M001,La Crau FRANCE ,43.12388889,6.076,95.1
CRFP,40481M001,Yucaipa UNITED S TATES,34.03905556,242.9003056,688.8
CRLV,49135M001,Charlevoix CANAD A,47.54988889,289.6733611,412.4
CRO1,43201M001,SAINTE CROIX AME RICAN,17.75688889,295.4156944,-33.9
CSAR,20713M001,Ceasarya ISRAEL ,32.48825,34.89019444,36.6
CTGR,49404M001,Groton UNITED ST ATES,41.33530556,287.9502778,-19.6
CUSV,21904S001,Bangkok THAILAND ,13.73591667,100.5339167,74.2
CYNE,42807M001,Cayenne GUYANA ,4.821944444,307.6345833,-22.8
CZTG,91301M002,ILE DE LA POSSESS ION (,-46.43188889,51.85547222,200.9
DAEJ,23902M002,Daejeon SOUTH KO REA (,36.39941667,127.3744722,116.9
DARE,13208S001,Daresbury UNITED KING,53.34480556,357.3595278,88.4
DARW,50134M001,Darwin I AUSTRAL IA,-12.84369444,131.13275,125.1
DAV1,66010M001,Davis ANTARTICA ,-68.57733333,77.97261111,44.4
DEHA,97113M001,Deshaies GUADELO UPE,16.30530556,298.2040833,-35.6
DGAR,30802M001,DIEGO GARCIA BRI TISH,-7.269666667,72.37025,-64.9
DHLG,49904M001,DURMID HILL UNIT ED ST,33.38980556,244.2119722,-83.1
DIPL,19850M001,Dinart Pleurtuit FRAN,48.58994444,357.9240278,116.1
DIPP,19628M001,Dieppe Port auton ome,49.92919444,1.084472222,55.2
DJIG,39901M005,Observatoire Geop hysiq,11.52627778,42.84705556,709.4
DLF1,13502M009,DELFT THE NEDERL ANDS,51.98602778,4.387472222,75.8
DPRT,59705M001,Devonport High Sc hool,-41.17861111,146.3496111,33.4
DRAG,20710S001,METZOKI DRAGOT I SRAEL,31.59319444,35.39208333,31.9
DRAO,40105M002,Penticton CANADA ,49.32261111,240.3750278,540
DSL1,49518S001,PRUDHOE BAY I (CO RS),70.33344444,211.52725,17
DUB2,11901M002,Dubrovnik CROATI A,42.65016667,18.11033333,457.9
DUBO,40137M001,LAC DU BONNET CA NADA,50.25880556,264.1338056,245.3
DUMG,91501M003,Ile des Petrels TERRE,-66.66519444,140.0021944,-1.7
DUND,50212M003,Dunedin NEW ZEAL AND,-45.88366667,170.5971667,386.9
DUNQ,19670M001,Dunkerque maregra phe -,51.04808333,2.366694444,51.1
DWI1,49265M001,CLUTE COOP UNITE D STA,29.01361111,264.5963333,-20.1
DYNG,12602M006,Dionysos GREECE ,38.07855556,23.93244444,508.6
EBRE,13410M001,ROQUETES - TORTOS A SP,40.82088889,0.492361111,105.9
ECSD,49576M002,SIOUX FALLS UNIT ED ST,43.73369444,263.386,444.4
EGAN,49201M001,EGAN_BRGN_NV1997 UNIT,39.34525,245.0611389,1998.3
EIL3,49805S002,Eielson AFB UNIT ED ST,64.68788889,212.8869722,177.2
EIL4,49805S002,Eielson AFB UNIT ED ST,64.68788889,212.8869722,177.2
ELAT,20706M001,ELAT ISRAEL ,29.50927778,34.92061111,29.5
ESCU,40168M001,Escuminac CANADA ,47.07341667,295.2012778,-16
ESPA,50177M002,Esperance AUSTRA LIA,-33.87430556,121.8943333,32.4
EUR2,40153M002,Eureka Nunavut T errit,79.98894444,274.0624167,29
EXMO,19167M001,Exmouth UNITED K INGDO,50.61344444,356.5899444,65.7
EXMT,59939M001,Exmouth AUSTRALI A,-21.96066667,114.1133889,16.4
EYAC,49402M001,Cordova UNITED S TATES,60.54869444,214.2501389,146
EZEV,19896M001,Eze - Village FR ANCE,43.77444444,7.497277778,76.7
FAA1,92201M012,Papeete (Tahiti) SOCI,-17.55530556,210.3856944,12
FAIR,40408M001,FAIRBANKS UNITED STAT,64.978,212.50075,317.2
FALK,80602M001,Stanley FALKLAND ISLA,-51.69363889,302.1259444,48.9
FFMJ,14279M001,FRANKFURT GERMAN Y,50.09058333,8.664972222,178.2
FFT2,97201M007,Fort de France F RANCE,14.60147222,298.9366667,-30.1
FLIN,40135M001,Flin Flon CANADA ,54.72558333,258.0219722,311.6
FLM5,66061M002,MOUNT FLEMING AN TARTI,-77.53272222,160.2714167,1869.7
FLRS,31907M001,Santa Cruz das Fl ores,39.45383333,328.8736111,78.3
FRAN,19648M001,Le Havre - Vigie eclus,49.47683333,0.173944444,80.4
FRDN,40146M001,Fredericton CANA DA,45.9335,293.3401111,94.8
FRED,49719S001,FREDONIA UNITED STATE,36.98833333,247.5007778,1529.7
FTNA,92902S002,Futuna WALLIS AN D FUT,-14.30780556,181.8790556,82.9
FUER,31330M001,Fuerteventura SP ANISH,28.49888889,346.1400556,76.8
FUNC,13911S001,Funchal PORTUGAL ,32.64794444,343.0923889,78.4
FYHA,10126M001,Fynshav DENMARK ,54.99363889,9.98625,46
GACC,49208M001,Columbia County UNITE,33.54575,277.8661944,98.5
GAMB,92301M003,Rikitea (Ile Mang areva,-23.13036111,225.0351667,78.7
GAMG,23910M001,Gamak mountain S OUTH,35.59008333,127.9196667,926
GANP,11515M001,Ganovce SLOVAKIA ,49.03472222,20.32294444,744.1
GARI,19517M001,Porto Garibaldi ITALY,44.67691667,12.24944444,47.7
GCGO,40408M006,FAIRBANKS UNITED STAT,64.97805556,212.5005833,319.3
GENO,12712M002,Genova ITALY ,44.41938889,8.921138889,155.5
GIBR,13301M001,Gibraltar GIBRAL TAR,36.14816667,354.6350278,45.6
GISB,50223M001,Gisborne NEW ZEA LAND,-38.63533333,177.8860278,87.2
GLPS,42005M002,Santa Cruz ECUAD OR,-0.743,269.6963333,-0.2
GNVL,49592S001,GAINESVILLE FLOR IDA,29.68655556,277.7231111,22.4
GODE,40451M123,Washington UNITE D STA,39.02172222,283.1731667,14.5
GODN,40451M127,Washington UNITE D STA,39.02116667,283.1729167,15.9
GODS,40451M128,Washington UNITE D STA,39.02052778,283.1726667,17.2
GODZ,40451M123,Washington UNITE D STA,39.02172222,283.1731667,12.6
GOL2,40405S031,GOLDSTONE UNITED STAT,35.42516667,243.11075,984.7
GOLD,40405S031,GOLDSTONE UNITED STAT,35.42516667,243.11075,986.6
GOP6,11502M006,Pecny - Ondrejov CZEC,49.91366667,14.78561111,592.6
GOPE,11502M002,Pecny - Ondrejov CZEC,49.91369444,14.78561111,592.6
GRAC,10002M010,Grasse (OCA) FRA NCE,43.7545,6.920777778,1317.9
GRAS,10002M006,Grasse (OCA) FRA NCE,43.75475,6.920583333,1317.4
GRAZ,11001M002,GRAZ LUSTBUEHEL AUSTR,47.06713889,15.49347222,538.3
GRIS,49399M001,Grand Isle UNITE D STA,29.26552778,270.0426944,-17
GUAM,50501M002,GUAM AMERICAN DE PENDE,13.58933333,144.8683611,199.9
GUIP,10004M501,Brest FRANCE ,48.44461111,355.5881944,154.7
GUST,49632S001,Gustavus Ohio U NITED,41.46275,279.2838056,282
GUUG,82301M001,USGS of Guam UNI TED S,13.43322222,144.8027222,134.8
HAAS,50237M001,Haast NEW ZEALAN D,-44.07319444,168.7855556,1053.5
HAL1,40445M006,MAUI UNITED STAT ES OF,20.70741667,203.7437778,3072.8
HARB,30302M009,Hartebeesthoek S OUTH,-25.88697222,27.70725,1558.1
HERS,13212M007,Herstmonceux Cast le U,50.86730556,0.336277778,76.5
HERT,13212M010,Herstmonceux Cast le U,50.86747222,0.334361111,83.3
HGHN,92726M002,Hienghene FRANCE ,-20.68883333,164.9430556,135
HKCL,23004M001,Chek Lap Kok HON G-KON,22.29583333,113.9077222,7.7
HKKT,23006M001,Kam Tin HONG-KON G,22.44491667,114.0665833,34.5
HKNP,23010M001,Ngong Ping HONG- KONG,22.24905556,113.8938889,350.7
HKOH,23011M001,Obelisk Hill HON G-KON,22.24769444,114.2285556,166.3
HKQT,23013M001,Quarry Bay HONG- KONG,22.29102778,114.2132222,5.1
HKSC,23014M001,Stonecutters Isla nd H,22.32216667,114.1411944,20.2
HKSL,23015M001,Siu Lang Shui HO NG-KO,22.372,113.928,95.3
HKST,23017M001,Sha Tin HONG-KON G,22.39527778,114.18425,258.7
HKWS,23019M001,Wong Shek HONG-K ONG,22.43427778,114.3353889,63.8
HLFX,40120M001,Halifax CANADA ,44.68355556,296.3887222,1.2
HNLC,49970S001,Honolulu UNITED STATE,21.30330556,202.1354444,20
HNUS,30322M001,Hermanus SOUTH A FRICA,-34.42463889,19.22305556,63
HOB2,50116M004,Hobart AUSTRALIA ,-42.80469444,147.43875,39.1
HOBU,14202M003,HOHENBUNSTORF GE RMANY,53.05063889,10.47630556,152.2
HOFN,10204M002,Hofn ICELAND ,64.26730556,344.8020833,82.9
HOL2,14285M002,KIEL-HOLTENAU GE RMANY,54.37291667,10.15680556,47.7
HOLB,40130M001,Holberg CANADA ,50.64036111,231.865,559.6
HOLY,19146M001,Holyhead UNITED KINGD,53.31772222,355.3579444,67.9
HONS,10345M001,Honningsvag NORW AY,70.97705556,25.96494444,54.6
HORN,50247M001,Hoophorn Spur NE W ZEA,-43.77733333,170.1055,960.4
HOWN,66103M001,Howard Nunatak A NTART,-77.52802778,273.2326667,1478.3
HRAG,30302M010,Hartebeesthoek S OUTH,-25.89041667,27.68516667,1407.2
HRAO,30302M004,Hartebeesthoek S OUTH,-25.89011111,27.68697222,1412.2
HRST,40160M001,HEARST CANADA ,49.66744444,276.4889444,228.4
HUEG,14280M001,HUEGELHEIM GERMA NY,47.83394444,7.596166667,278.3
HUEL,13451M001,Huelva SPAIN ,37.19997222,353.0796944,81.8
IBIZ,13454S001,Ibiza tide gauge SPAI,38.91125,1.448972222,59.9
ICT1,49258M001,Wichita ICT1 UNI TED S,37.58772222,262.6911111,363.3
IENG,12724S001,Torino I ITALY ,45.01513889,7.639416667,316.6
IISC,22306M002,Bangalore INDIA ,13.02116667,77.57038889,843.7
IJMU,13537M001,IJmuiden THE NED ERLAN,52.46197222,4.556055556,54.1
ILDG,18307M001,Port-Tudy (Groix)  FRA,47.64438889,356.5540833,56.3
ILDX,19724M001,Ile d'Aix FRANCE ,46.00944444,358.8231944,59
INEG,40507M001,Aguascalientes (I NEGI),21.85616667,257.7158056,1887.2
INRI,M,Loyola Universit ,29.937,269.8811389,-10.6
INVK,40150M001,INUVIK CANADA ,68.30619444,226.4730278,44.5
IPAZ,40521M002,La Paz MEXICO ,24.14527778,249.66925,-14.9
IQAL,40194M001,Iqualuit CANADA ,63.75597222,291.4895,91.8
IQQE,41708S002,Iquique CHILE ,-20.27352778,289.8682778,39
IRKJ,12313M002,Irkoutsk RUSSIA ,52.21902778,104.3161944,502.1
ISHI,21791M001,Ishioka JAPAN ,36.20883333,140.2189444,155.9
ISTA,20807M001,Istanbul TURKEY ,41.10444444,29.01933333,147.2
IUCO,40452M002,BLOOMINGTON UNIT ED ST,39.17405556,273.4935556,229.5
JFNG,21602M006,WUHAN-JIUFENG CH INA,30.51555556,114.4910278,69.4
JNU1,49519S001,JUNEAU ALASKA U NITED,58.36258333,225.4142778,15.8
JOG2,23109M002,YogYakarta INDON ESIA,-7.763805556,110.3724722,174.2
JOZ2,12204M002,Jozefoslaw - Wars aw P,52.09783333,21.03236111,152.5
JOZE,12204M001,Jozefoslaw - Wars aw P,52.09727778,21.03155556,139.5
JPLM,40400M007,Pasadena - JPL Me sa U,34.20483333,241.8267778,422
KABR,20709S001,KIBUTZ KABRI ISR AEL,33.02280556,35.14505556,103.4
KARA,50248M001,Karangarua NEW Z EALAN,-43.60838889,169.7751667,1403.3
KARR,50139M001,Karratha AUSTRAL IA,-20.98141667,117.0971944,107.2
KAT1,59968M001,Katherine - North ern T,-14.376,132.1532778,182.3
KBRC,40428M002,SANTA PAULA I UN ITED,34.39852778,240.9918056,370.5
KERG,91201M002,Kerguelen TERRIT ORY O,-49.35147222,70.25552778,73
KETG,91201M009,Kerguelen TERRIT ORY O,-49.35219444,70.21791667,47.2
KGLK,40198M001,Kugluktuk CANADA ,67.81777778,244.86525,3.5
KINL,19128M001,Kinlochbervie UN ITED,58.45877778,354.9476667,65
KIR0,10422M001,Kiruna - Esrange SWED,67.87758333,21.06025,498.1
KIR8,10422M002,Kiruna - Esrange SWED,67.87755556,21.06019444,498.1
KIRI,50305M001,BETIO ISLAND - KI RIBAT,1.354583333,172.9228889,34.2
KIRU,10403M002,Kiruna - Jukkasja rvi,67.85736111,20.96844444,391.1
KIT3,12334M001,Kitab UZBEKISTAN ,39.13477778,66.88544444,620.5
KITG,12334M004,Kitab UZBEKISTAN ,39.13338889,66.88675,618.7
KMNM,23608M001,Kinmen TAIWAN ,24.46383333,118.3885833,49.1
KNGV,49103M001,Kingsville - Onta rio,42.02694444,277.2651389,142.4
KOKB,40424M004,Kauai UNITED STA TES O,22.12627778,200.3350556,1167.4
KOKV,40424M004,Kauai UNITED STA TES O,22.12627778,200.3350556,1167.4
KOS1,13504M005,KOOTWIJK THE NED ERLAN,52.17336111,5.818222222,104.8
KOUC,92727S001,Koumac FRANCE ,-20.55869444,164.2873333,84.1
KOUG,97301M402,KOUROU FRANCE ,5.098472222,307.36025,107.2
KOUR,97301M210,KOUROU FRANCE ,5.252194444,307.1940278,-25.8
KRGG,91201M007,Kerguelen TERRIT ORY O,-49.35155556,70.2555,73
KRS1,20816M001,Kars TURKEY ,40.58844444,43.09344444,1811.8
KRTV,25602M001,Kurchatov KAZAKS TAN,50.71394444,78.61908333,126.2
KSNB,43019M001,Steenstrup Nordre Brae,66.86327778,324.4236944,1721
KSU1,49240M001,KSU1_KSUN_KS2006 UNIT,39.10075,263.3905278,325.6
KZN2,12374M001,Kazan Federal Uni versi,55.79077778,49.11925,94.5
LAE1,51002M001,Lae - University of Te,-6.673694444,146.9931944,140.3
LAGO,13903M001,Lagos PORTUGAL ,37.09894444,351.3316389,62.7
LAMA,12209M001,Lamkowko POLAND ,53.89238889,20.66994444,187
LAMP,12706M002,Lampedusa ITALY ,35.49977778,12.60566667,57.8
LAUT,50804M002,LAUTOKA FIJI ,-17.60880556,177.4465833,89.7
LCDT,49625S001,LIBERTYVILLE UNI TED S,42.29505556,272.0396667,189.4
LCK3,22305M004,Lucknow INDIA ,26.91216667,80.95563889,64.2
LCK4,22305M005,Lucknow INDIA ,26.91213889,80.95561111,64.2
LCUR,49104M001,Little Current - Ontar,45.98052778,278.0755278,143.5
LEBA,49631S001,Lebanon Ohio UN ITED,39.4305,275.7168611,224.3
LEFN,43033M001,Leffingwell Nunat ak G,80.45669444,333.7065278,692.1
LEIJ,14267M001,LEIPZIG GERMANY ,51.35397222,12.37411111,178.4
LEPO,97413M001,Le Port FRANCE ,-20.96438889,55.2845,23.1
LEXA,50236M001,Alexandra NEW ZE ALAND,-45.231,169.30825,331.8
LG1G,49132M001,La Grande 1 CANA DA,53.69805556,281.429,21.2
LHAZ,21613M002,Lhasa CHINA ,29.65733333,91.10402778,3624.6
LINH,49767M002,ELLENSBURG WASHI NGTON,47.00033333,239.4615,472.3
LKTA,50233M001,Lake Taylor NEW ZEALA,-42.78336111,172.2663333,713
LKYA,59952M001,Larrakeyah AUSTR ALIA,-12.45547222,130.8247222,69.3
LMMF,97205M001,Lamentin Airport FRAN,14.59480556,299.0038333,-27.1
LORD,59998M001,Lord Howe Island AUST,-31.51988889,159.0611944,71.4
LOV0,10434M001,Lovo SWEDEN ,59.33780556,17.82891667,79.7
LOV6,10434M002,Lovo SWEDEN ,59.33788889,17.82891667,79.7
LOYF,49261M001,Annapolis MD UNI TED S,38.97447222,283.4778056,-15.8
LPAL,81701M001,La Palma SPAIN ,28.76388889,342.1061667,2197.2
LPGS,41510M001,La Plata ARGENTI NA,-34.90675,302.0676944,27.9
LROC,10023M001,La Rochelle FRAN CE,46.15894444,358.7806944,55.9
LURI,19920M001,Luri FRANCE ,42.88841667,9.475944444,54.2
M0SE,12772M001,ROME - S Pietro in Vi,41.89311111,12.49325,120.6
MAC1,50135M001,Macquarie Island AUST,-54.49952778,158.9358333,-6.8
MAD2,13407S012,Madrid-Robledo S PAIN,40.42916667,355.7503333,829.4
MADR,13407S012,Madrid-Robledo S PAIN,40.42916667,355.7503333,829.4
MAKO,M,Makorori ,-38.64380556,178.1291389,255
MAL1,13444M002,Palma de Mallorca  SPA,39.56019444,2.637472222,53.8
MAL2,33201M003,MALINDI KENYA ,-2.996055556,40.19413889,-20.9
MALA,13443M001,Malaga SPAIN ,36.72611111,355.6064722,119.8
MALL,13444M001,Palma de Mallorca  SPA,39.55263889,2.624555556,62
MANA,41201S001,Managua NICARAGU A,12.14894444,273.751,69
mar-06,10405M002,Martsbo SWEDEN ,60.59513889,17.25852778,73.7
mar-07,10405M003,Martsbo SWEDEN ,60.59505556,17.25844444,74.4
MARS,10073M008,Marseille FRANCE ,43.27877778,5.353805556,61.8
MAS1,31303M002,Maspalomas SPANI SH DE,27.76375,344.3667222,197.1
MAT1,12734M009,Matera ITALY ,40.64905556,16.70455556,532.6
MATE,12734M008,Matera ITALY ,40.64913889,16.70447222,535.7
MATG,12734M010,Matera ITALY ,40.64902778,16.70463889,535.7
MAUA,34701M002,MAUN BOTSWANA ,-19.90225,23.52838889,960.8
MAW1,66004M001,Mawson station A NTART,-67.60477778,62.87072222,59.1
MAYG,90101M001,Dzaoudzi FRANCE ,-12.78205556,45.25813889,-16.5
MCHL,59905M001,Mitchell - Queens land,-26.35888889,148.1449722,534.6
MCM4,66001M003,Mac Murdo ANTART ICA,-77.83836111,166.6693333,98
MDO1,40442M012,FORT DAVIS UNITE D STA,30.6805,255.985,2004.5
MDVJ,12309M005,MENDELEEVO RUSSI A,56.0215,37.2145,257.1
MEDI,12711M003,Medicina ITALY ,44.51997222,11.64683333,50
MELI,19379M001,Melilla SPAIN ,35.28119444,357.0483333,88.9
MEMA,49284M001,Machias UNITED S TATES,44.70986111,292.5417222,18.6
MERS,20814M001,Mersin TURKEY ,36.56638889,34.25586111,38.5
MET3,10503M010,Metsahovi FINLAN D,60.21744444,24.3945,79.2
METG,10503M002,Metsahovi FINLAN D,60.24197222,24.38416667,57.8
METS,10503S011,Metsahovi FINLAN D,60.21747222,24.39533333,94.7
MGBH,41667M001,Belo Horizonte B RAZIL,-19.94188889,316.0751111,974.8
MGUB,41652M001,University of Ube rland,-18.91916667,311.7439444,869.3
MGUE,41558M001,Malargue ARGENTI NA,-35.77736111,290.6020833,1553.7
MIBX,49228M001,Baraga UNITED ST ATES,46.76411111,271.4869722,193.8
MIKL,12335M001,Mykolaiv UKRAINE ,46.97277778,31.97283333,93.9
MIM2,19841M003,Mimizan FRANCE ,44.20063889,358.7716944,72
MIQU,97502M001,Miquelon FRANCE ,47.09733333,303.6158889,14.2
MIZU,21702M002,MIZUSAWA JAPAN ,39.13513889,141.1328611,115.2
MKEA,40477M001,Mauna Kea UNITED STAT,19.80136111,204.5436389,3754.6
MNRT,49231M001,Rothsay UNITED S TATES,46.4905,263.7087222,345.2
MNTF,49266M001,Thief River Falls  UNI,48.11916667,263.7925833,326.2
MOBS,50182M001,Melbourne Observa tory,-37.82941667,144.9753333,38.6
MONE,49275M001,MoDOT Nevada UNI TED S,37.86575,265.6504444,221.3
MONP,40497M004,Monument Peak UN ITED,32.89194444,243.5776389,1842.6
MOWR,49267M001,MoDOT Warrenton UNITE,38.81463889,268.8386111,229.7
MPL2,41544M001,Universidad de Ma r del,-38.00577778,302.4286944,53.6
MQZG,50214M001,Christchurch NEW ZEAL,-43.70272222,172.6546944,154.6
MRC1,49654M002,Stafford UNITED STATE,38.49911111,282.6293611,25.3
MRL1,50254S001,Marlbourough NEW ZEAL,-41.57619444,173.74075,147.2
MRL2,50254S001,Marlbourough NEW ZEAL,-41.57619444,173.74075,147.2
MRO1,59913M001,Murchison Radio O bserv,-26.69663889,116.6375,354.1
MSOL,49204M001,Missoula UNITED STATE,46.92941667,245.8911389,960.1
MSSA,21796M001,Misasa Saku-shi JAPA,36.14036111,138.3523056,1626.4
MTCV,59965M001,Mount Cavenagh - North,-25.94569444,133.2066944,544.9
MTFV,49216M001,Flathead Valley C ommun,48.22747222,245.6731667,905.2
MTJO,50204M001,Mount John NEW Z EALAN,-43.98569444,170.4649444,1043.6
MTKA,21741S002,MITAKA JAPAN ,35.67952778,139.5613889,108.9
MTV1,42323S001,Montevideo - Pale rmo,-34.91358333,303.8236944,40.7
MTV2,42323S001,Montevideo - Pale rmo,-34.91358333,303.8236944,40.7
MTY2,40518M001,Monterrey MEXICO ,25.7155,259.6870833,521.7
MZAN,19841M002,Mimizan FRANCE ,44.19852778,358.7758333,78.1
NANO,40138M001,NANOOSE CANADA ,49.29480556,235.9135278,6.6
NAPL,49528S001,NAPLES FLORIDA UNITE,26.14863889,278.2237222,-19.1
NBTG,92747M001,Numbo FRANCE ,-22.242,166.4161111,66.2
NCBE,49262M001,Beaufort UNITED STATE,34.71902778,283.3280556,-29.2
NCKN,49225M001,Kenansville UNIT ED ST,34.94180556,282.0194444,14.2
NCSH,49211M001,Shelby UNITED ST ATES,35.28158333,278.5088611,263.1
NEIA,41620M002,Cananeia BRAZIL ,-25.02025,312.0750278,6
NICA,10012M002,Nice FRANCE ,43.70327778,7.227277778,256.5
NICE,10012M001,Nice FRANCE ,43.7255,7.299972222,427.3
NICO,14302M001,NICOSIA-ATHALASSA  CYP,35.141,33.39644444,190
NIST,49507M002,Boulder Colorado  UNI,39.99505556,254.7373889,1646.4
NKLG,32809M002,LIBREVILLE GABON ,-0.353916667,9.672138889,31.5
NLIB,40465M001,NORTH LIBERTY UN ITED,41.77158333,268.4251111,207
NNOR,50181M001,New Norcia AUSTR ALIA,-31.04872222,116.1927222,232.9
NOR1,49618S001,CADILLAC UNITED STATE,44.25583333,274.5628333,364.1
NORF,50189M001,Norfolk Island A USTRA,-29.04333333,167.9388333,159
NOT1,12717M004,Noto ITALY ,36.87586111,14.98977778,124.4
NOVM,12367M002,NOVOSIBIRSK SNII M RU,55.0305,82.9095,150.1
NRC1,40114M001,Ottawa - National Rese,45.45416667,284.3761667,82.5
NRMD,92701M005,Noumea NEW CALED ONIA,-22.22833333,166.4848889,160.3
NRMG,92701M005,Noumea NEW CALED ONIA,-22.22833333,166.4848889,160.3
NTUS,22601M001,Nanyang Technolog ical,1.345805556,103.6799444,75.4
NVSK,12319M001,Novossibirsk RUS SIA,54.84061111,83.23544444,123.1
NYA1,10317M003,Ny-Alesund NORWA Y,78.92955556,11.86530556,82.5
NYA2,10317M008,Ny-Alesund NORWA Y,78.93033333,11.85863889,79.7
NYAL,10317M001,Ny-Alesund NORWA Y,78.92958333,11.86508333,76.8
NYBR,49276M001,Brooklyn Pier UN ITED,40.68866667,285.9987222,-20.3
OAK1,13235S002,HERMITAGE UNITED KING,51.11761111,359.0948889,139.6
OAK2,13235S002,HERMITAGE UNITED KING,51.11761111,359.0948611,139.6
OBE4,14208M007,Oberpfaffenhofen GERM,48.08480556,11.27786111,648.6
OHI3,66008M006,O'higgins ANTART ICA,-63.32108333,302.0986111,30.8
OKCB,49587S001,OKEECHOBEE FLORI DA U,27.26602778,279.1446667,-15.3
OLK2,10518M002,Olkiluoto FINLAN D,61.19102778,21.50580556,39.4
ONRJ,41635M001,PRedio da Hora - Obser,-22.89569444,316.7756667,35.7
ONS1,10402M007,Onsala SWEDEN ,57.39533333,11.92452778,44.5
ONSA,10402M004,Onsala SWEDEN ,57.39530556,11.92552778,45.6
OP71,10001S007,Paris FRANCE ,48.83591667,2.334972222,124.6
OPMT,10001S006,Paris FRANCE ,48.83591667,2.334944444,122.6
ORID,15601M001,Ohrid MACEDONIA ,41.12730556,20.79405556,773
OSN3,23904S002,Osan air base SO UTH K,37.08269444,127.0335833,64.5
OSN4,23904S002,Osan air base SO UTH K,37.08269444,127.0335833,64.5
OTZ1,49252M001,Kotzebue WAAS UN ITED,66.88733333,197.3886389,10.4
OUS2,50212M002,Dunedin NEW ZEAL AND,-45.86947222,170.5109167,24.2
OWMG,50253M004,Owenga (Chatham I sland,-44.02430556,183.6311944,19.7
P009,49234M001,Marysvale_UT2006 UNIT,38.47991667,247.7772778,1761.5
P012,M,MonticelloUT2006 ,38.09744444,250.6661667,1788.5
P013,49254M001,SpringCrekNV2007 UNIT,41.42875,242.67,1433.4
P028,49224M001,ChacoCnHP_NM2005 UNIT,36.03169444,252.0915833,1933.1
P036,49212M001,ANGELFIRE_NM2004 UNIT,36.42027778,254.7063333,2529.9
P037,49213M001,FreemontAPCO2004 UNIT,38.42175,254.8953056,1616.9
P043,49226M001,Newcastle_WY2006 UNIT,43.88113889,255.8143056,1490.9
P044,49227M001,AkronArpt_CO2004 UNIT,40.17177778,256.7775278,1411.1
P049,49236M001,Armington_MT2006 UNIT,47.34997222,249.0937778,1186
P051,49243M001,BillingsAPMT2005 UNIT,45.80661111,251.4538611,1081.1
P053,49255M001,WhitewaterMT2007 UNIT,48.72608333,252.2745833,815
P054,49244M001,TEREkalakaMT2006 UNIT,45.84636111,255.5585833,1093.1
P055,49245M001,GlendiveWTMT2006 UNIT,47.11672222,255.3148889,667.7
P059,49374M001,Point Arena UNIT ED ST,38.92833333,236.2738056,-11.3
P094,49282M001,LastChanceCS2006 UNIT,37.20083333,242.2958056,1729.2
P101,21753S001,P-Oshoro - Hokkai do J,43.20952778,140.8583056,38.4
P169,49215M001,FickleHillCN2004 UNIT,40.79113889,236.0323333,689.4
P212,21787S001,P-Naha - Okinawa JAPA,26.21333333,127.6651944,38.7
P224,49405M001,Berkeley - Sibley Volc,37.86388889,237.7809444,407.4
P231,49375M001,Hopkins Marine st ation,36.62166667,238.0945833,-26.3
P367,49666M002,Newport Oregon UNITE,44.58525,235.9384167,22.9
P394,49290M001,BakerCity_OR2007 UNIT,44.83488889,242.2003611,1010.7
P401,49229M001,Quillayut_WA2005 UNIT,47.93719444,235.4429722,36.2
P432,49214M001,PackwoodF_WA2004 UNIT,46.62286111,238.3167778,318.9
P435,49398M001,Port Angeles UNI TED S,48.05955556,236.4967222,287.3
P475,49886M003,POINT LOMA UNITE D STA,32.66638889,242.7560556,-25
P706,49270M001,MatadorRchMT2006 UNIT,45.04347222,247.4759167,1810.7
P777,49251M001,RockyHillAR_2008 UNIT,35.70266667,267.4545278,335.4
P804,49285M001,TheRockDDBGA2012 UNIT,32.96327778,275.77425,216.4
P815,49288M001,quillmast_wa2013 UNIT,47.93719444,235.4428611,36.2
P816,49229M002,Quillayut_WA2005 UNIT,47.93711111,235.4429167,35.8
PADO,12750S001,PADOVA ITALY ,45.41116667,11.89605556,64.7
PADT,19154M001,Padstow UNITED K INGDO,50.54111111,355.0632222,65.5
PALM,66005M002,Palmer station A NTART,-64.77508333,295.9488889,31.1
PAPE,92201M011,Papeete (Tahiti) SOCI,-17.53308333,210.4272778,11.9
PAPH,49385M001,Philadelphia Wate r Dep,40.01316667,284.8236667,26.5
PARC,41716S001,Punta Arenas I C HILE,-53.13694444,289.1201111,22.3
PARK,50108M001,Parkes AUSTRALIA ,-32.99875,148.2646111,395.4
PCLA,49413M001,Pensacola UNITED STAT,30.46902778,272.8105833,2
PDEL,31906M004,Ponta Delgada (Sa o Mig,37.74775,334.33725,108.7
PENC,11206M006,Penc HUNGARY ,47.78961111,19.28152778,291.7
PERT,50133M001,Perth AUSTRALIA ,-31.80194444,115.88525,10.7
PGEN,22013M001,General Santos T HE PH,6.064916667,125.1316667,121
PICL,40155M001,PICKLE LAKE CANA DA,51.47980556,269.8380278,315.2
PIE1,40456M001,Pietown UNITED S TATES,34.3015,251.8810833,2345.8
PIMO,22003M001,Quezon I THE PHI LIPPI,14.63572222,121.0777222,95.5
PIN1,40407M003,PINYON FLATS UNI TED S,33.61216667,243.5418333,1256.2
PMTH,13229M001,Plymouth UNITED KINGD,50.41647222,355.8738333,175.6
POAL,41616M001,Porto Alegre BRA ZIL,-30.07402778,308.8802222,76.7
POHN,51601M001,POHNPEI MICRONES IA,6.959944444,158.2101111,90.7
POL2,12348M001,POLIGAN/BISHKEK KYRGY,42.67977778,74.69427778,1714.2
POLV,12336M001,Poltava UKRAINE ,49.60261111,34.54294444,176.5
POOL,19138M001,Poole UNITED KIN GDOM,50.77586111,358.0894444,68.8
POTS,14106M003,Potsdam GERMANY ,52.37930556,13.06608333,144.4
POVE,41628M001,Porto Velho BRAZ IL,-8.709333333,296.1036667,119.6
PPTG,97108M001,Pointe-a-Pitre F RANCE,16.22436111,298.4683611,-39.6
PRDS,40124M001,CALGARY CANADA ,50.87136111,245.7065,1248
PRE3,30310S002,Pretoria SOUTH A FRICA,-25.7465,28.22405556,1413.8
PRE4,30310S002,Pretoria SOUTH A FRICA,-25.7465,28.22405556,1413.8
PRIE,19867M001,Marseille FRANCE ,43.27675,5.372722222,186.3
PRMI,82002M001,Magueyes Island PUERT,17.97038889,292.9546389,-25.5
PSAL,19513M002,Venezia II ITALY ,45.43072222,12.33652778,55.4
PTAA,49280M001,PORT ANGELES UNI TED S,48.11683333,236.5056389,66.8
PTAG,22006M005,Manila - Taguig THE P,14.53544444,121.0407778,86.6
PTBB,14234M001,BRAUNSCHWEIG GER MANY,52.29619444,10.45975,130.2
PTGG,22006M006,Manila - Taguig THE P,14.53541667,121.04125,82.9
PTKL,50145M004,Port Kembla AUST RALIA,-34.47555556,150.9136944,34.4
PTSV,50178M003,Port Stanvac AUS TRALI,-35.09469444,138.4857222,57.7
PYGR,50240M001,Puysegur Point N EW ZE,-46.16616667,166.6807222,253.3
QAQ1,43007M001,Qaqortoq GREENLA ND,60.71527778,313.9522222,110.5
QUAD,49130M010,Quadra Island CA NADA,50.1325,234.6691667,-7.4
QUAR,50250M001,Quarry NEW ZEALA ND,-43.53166667,169.8158056,58.1
QUI3,42003S004,Quito III ECUADO R,-0.139583333,281.5327222,2927.5
QUI4,42003S004,Quito III ECUADO R,-0.139583333,281.5327222,2927.5
QUIN,40433M004,QUINCY UNITED ST ATES,39.97455556,239.0555556,1105.8
RABT,35001M002,Rabat MOROCCO ,33.99811111,353.1457222,88.1
RAEG,31912M003,Santa Maria PORT UGUES,36.98566667,334.8736389,302.9
RAMO,20703S001,Mitzpe Ramon ISR AEL,30.59761111,34.76313889,886.9
RAUL,50257M001,Raoul Island NEW ZEAL,-29.24466667,182.0710556,92.2
RCA2,49710M001,Santa Barbara UN ITED,34.49997222,240.28,1179.2
RDSD,40805M001,Santo Domingo DO MINIC,18.46138889,290.0886667,-9.2
REDM,49770M001,REDMOND OREGON UNITE,44.25977778,238.8521111,919.8
REDU,13102M001,Redu BELGIUM ,50.0015,5.144888889,369.9
REPL,49108M001,Repulse Bay CANA DA,66.52361111,273.7689444,-11.7
REUN,97401M003,La Reunion REUNI ON,-21.20822222,55.57172222,1558.3
REYK,10202M001,Reykjavik ICELAN D,64.13877778,338.0445,93
RGDG,41507M007,Rio Grande ARGEN TINA,-53.78583333,292.2484722,32.4
RHPT,50187M001,Burnie round hil l poi,-41.06511111,145.9618333,25.9
RIGA,12302M002,Riga LATVIA ,56.94861111,24.05877778,34.7
RIO2,41507M006,Rio Grande ARGEN TINA,-53.78547222,292.2488889,32
RIOP,42006M001,Rio Bamba ECUADO R,-1.650583333,281.3488889,2817.2
ROAG,13402M007,SAN FERNANDO SPA IN,36.46336111,353.7937222,83.2
ROB4,66063M002,CAPE ROBERTS ANT ARTIC,-77.03444444,163.1901111,-41.6
ROBI,59976M001,Robina AUSTRALIA ,-28.07697222,153.38125,65.2
ROTG,19938M001,Roscoff FRANCE ,48.71844444,356.0342778,56.1
ROTH,66007M003,Rothera ANTARTIC A,-67.57138889,291.8742222,39.7
RSBY,59953M001,Roslyn Bay AUSTR ALIA,-23.16097222,150.7900833,58.1
SALU,41640M001,Sao Luis BRAZIL ,-2.593444444,315.7875278,19
SAMO,50603M001,APIA WESTERN SAM OA,-13.84919444,188.2615556,76.8
SAN0,44466M001,SanAndresCOL2007 COLO,12.58044444,278.2842778,10.1
SANO,19174M001,Sandown UNITED K INGDO,50.65033333,358.7870278,91.1
SANT,41705M003,Santiago CHILE ,-33.15027778,289.3314444,721.2
SASK,40167M001,Saskatoon CANADA ,52.19625,253.6016389,578.9
SAVO,41643M001,Salvador INCRA B RAZIL,-12.93925,321.56775,76.3
SBCH,49292M001,Shell Beach UNIT ED ST,29.86811111,270.32675,-16.2
SBOK,30320M001,Springbok SOUTH AFRIC,-29.66933333,17.87922222,1043.1
SBRB,49415M002,San Bruno UNITED STAT,37.68644444,237.5891389,-13.2
SC02,49670M001,Friday Harbor Wa shing,48.54619444,236.9923889,-15
SCH2,40133M002,SCHEFFERVILLE CA NADA,54.83208333,293.1673889,498.5
SCIP,49915M001,SAN CLEMENTE ISLA ND U,32.91441667,241.5120556,452.9
SCOA,10088M002,Ciboure (Saint-Je an-de,43.39525,358.3183333,59.4
SCOR,43006M002,Ittoqqortoormiit GREE,70.48533333,338.0496667,126.7
SCRZ,41801M001,Santa Cruz BOLIV IA,-17.79677778,296.8403333,442.1
SCTB,66071M001,Scott base ANTAR TICA,-77.84897222,166.7580278,-19
SCUB,40701M001,SANTIAGO DE CUBA CUBA,20.01205556,284.2376944,20.9
SDNY,49123M001,Sydney CANADA ,46.16091667,299.8113889,31.5
SEAT,40457M002,Seattle UNITED S TATES,47.65397222,237.6905278,44.2
SEJN,23907M001,Sejong Observator y SO,36.52222222,127.3031944,179.3
SELD,49435M001,Seldovia UNITED STATE,59.44572222,208.2933333,20.4
SETE,19940M001,Sete FRANCE ,43.39763889,3.699111111,53.9
SEYG,39801M004,Mahe Island SEYC HELLE,-4.678722222,55.53063889,-39.6
SFDM,49826M001,Piru UNITED STAT ES OF,34.45980556,241.2455,291.5
SFER,13402M004,SAN FERNANDO SPA IN,36.46436111,353.7943611,84.2
SGOC,23501M003,Colombo SRI LANK A,6.892083333,79.87416667,-78.5
SGPO,49368M001,Southern Great Pl ains,36.60419444,262.5151667,290.2
SHOE,19197M001,Shoeburyness UNI TED K,51.55477778,0.827027778,49
SIHS,49207M001,Sicily Island UN ITED,31.84338889,268.3445556,5.8
SIN1,22601M003,Nanyang Technolog ical,1.342972222,103.6794444,92.4
SIO5,40460M006,LA JOLLA/SCRIPPS UNIT,32.84075,242.7503056,185.5
SKE0,10426M001,Skellefteaa SWED EN,64.87919444,21.04830556,81.5
SKE8,10426M002,Skellefteaa SWED EN,64.87919444,21.04816667,81.5
SLAC,49523S001,STANFORD LINEAR A CCELE,37.41652778,237.79575,63.7
SMAI,49278M001,West Seattle UNI TED S,47.52358333,237.6549444,113.4
SMAR,41621M001,Santa Maria BRAZ IL,-29.71891667,306.2834167,113.1
SMST,21726M001,Simosato JAPAN ,33.57786111,135.9369444,95.6
SMTG,19936M001,Saint-Malo FRANC E,48.64108333,357.9725278,57.7
SOD3,10513M002,Sodankyla / Pitti ovaar,67.42077778,26.38927778,300.9
SOFI,11101M002,Sofia BULGARIA ,42.55611111,23.39475,1117.6
SOLO,51202M001,Solomon Islands SOLOM,-9.434916667,159.9543333,122.9
SOPU,19386M001,Sopuerta SPAIN ,43.27688889,356.8458333,169
SPED,40803M001,San Pedro de Maco ris,18.46102778,290.6944167,-22.1
SPT0,10425M001,Boras SWEDEN ,57.71497222,12.89136111,220
SRMP,43026M001,Sermip Nuunataa GREEN,72.91066667,305.6062778,370.7
SSHO,49279M001,Roosevelt UNITED STAT,47.68230556,237.6848333,74.1
SSIA,41401S001,San Salvador EL SALVA,13.69708333,270.8834167,626.6
STAS,10330M001,Stavanger NORWAY ,59.01772222,5.598638889,104.9
STDE,97415M001,Saint-Denis Le C haudr,-20.89675,55.49522222,49.3
STFU,49430S001,Stanford universi ty U,37.42691667,237.8267222,20.4
STHL,30606M003,Saint-Helena BRI TISH,-15.94252778,354.3326667,453.2
STJ2,40101M004,ST JOHN'S CANADA ,47.59522222,307.3216944,152.6
STJ3,40101M005,ST JOHN'S CANADA ,47.59544444,307.3216944,152.6
STJO,40101M001,ST JOHN'S CANADA ,47.59525,307.32225,152.8
STK2,21731S004,SHINTOTSUKAWA JA PAN,43.52863889,141.8448333,116.7
STMT,97801M001,Galisbay Harbour FRAN,18.08327778,296.9144722,-38.6
STR1,50119M002,Mount Stromlo AU STRAL,-35.31552778,149.0100556,799.9
STR2,50119M001,Mount Stromlo AU STRAL,-35.31616667,149.0101667,802.5
STVI,82101M001,St Thomas US Vi rgin,18.34008333,295.0255556,-21.5
SULP,12366M001,Lviv UKRAINE ,49.83558333,24.0145,370.5
SUP2,49623S001,ASCANABA UNITED STATE,45.74947222,272.9265,153.8
SUTH,30314M002,Sutherland SOUTH AFRI,-32.38019444,20.81047222,1799.8
SUTM,30314M004,Sutherland SOUTH AFRI,-32.38144444,20.81091667,1797.6
SUWN,23903M001,Suwon-Shi SOUTH KOREA,37.27552778,127.05425,80.3
SVTL,12350M001,Svetloe RUSSIA ,60.53286111,29.78088889,76.7
SWAS,19193M001,Swansea UNITED K INGDO,51.56555556,356.01825,90
SYDN,50124M003,Sydney AUSTRALIA ,-33.78086111,151.1503889,83.6
SYOG,66006S002,Syowa ANTARTICA ,-69.00694444,39.58375,50
TABL,49901M001,Wrightwood UNITE D STA,34.38186111,242.3217222,2228
TASH,12327M001,Tashkent UZBEKIS TAN,41.32805556,69.29558333,437.8
TBON,49253M001,Anchorage AK DOT UNIT,61.17972222,210.2148611,93.2
TCMS,23604S002,Hsinchu TAIWAN ,24.79797222,120.9873889,77.3
TDOU,30319M001,Thohoyandou SOUT H AFR,-23.07991667,30.384,630.2
TELA,20704M001,TEL AVIV ISRAEL ,32.068,34.78088889,58.4
TERS,13534M001,Terschelling THE NEDE,53.36275,5.219388889,56.1
TFNO,40191M001,Tofino CANADA ,49.15413889,234.0921667,-3.9
TGBF,14268M003,Borkum GERMANY ,53.55741667,6.747916667,48.8
TGDE,10320M001,Tregde vannstands maler,58.00638889,7.55475,45.9
THEV,59940M001,Thevenard I AUST RALIA,-32.12861111,133.6968333,7.5
THTG,92201M016,Papeete (Tahiti) SOCI,-17.57705556,210.3935556,98
THTI,92201M009,Papeete (Tahiti) SOCI,-17.57705556,210.3935278,98
THU2,43001M002,Thule GREENLAND ,76.53705556,291.1749444,34.4
TIBB,49426M001,#¿NOMBRE?,37.89088889,237.5523889,-21.1
TID1,50103M108,Tidbinbilla AUST RALIA,-35.39919444,148.98,665.3
TIDB,50103M108,Tidbinbilla AUST RALIA,-35.39919444,148.98,665.3
TIT2,14278M002,TITZ-JACKERATH G ERMAN,51.03522222,6.431583333,156.1
TLSE,10003M009,Toulouse FRANCE ,43.56069444,1.480888889,205.3
TLSG,10003M034,Toulouse FRANCE ,43.54972222,1.485055556,206.8
TN23,49248M001,TDOT District 23 UNIT,35.91963889,275.0006667,526.2
TN36,49249M001,TDOT District 36 UNIT,35.25577778,272.6739444,259.4
TNML,23604S001,Hsinchu TAIWAN ,24.79794444,120.9873333,75.9
TONG,50902M001,Nuku Alofa TONGA ,-21.14472222,184.8207778,56.3
TONO,49291M001,TONO_BRGN_NV1999 UNIT,38.09719444,242.8159722,2066
TOPL,41648M001,Palmas BRAZIL ,-10.17105556,311.6693333,256.6
TORP,49912M001,TORRANCE AIRPORT UNIT,33.79780556,241.6693889,-5.2
TOW2,50140M001,Townsville - Cape Ferg,-19.26927778,147.0556944,88.1
TPW2,49421M001,Tongue point - Ar izona,46.20736111,236.2316389,-14.9
TRAK,40480M001,Bommer Canyon UN ITED,33.61794444,242.1965556,115.5
TRDS,10331M001,Trondheim NORWAY ,63.37138889,10.31916667,317.8
TRIE,12718M003,TRIESTE ITALY ,45.70975,13.76352778,323.4
TRNG,50219M001,Tauranga NEW ZEA LAND,-37.72880556,176.2608889,151.2
TRO1,10302M006,Tromso NORWAY ,69.66272222,18.93966667,138.2
TSEA,49448S001,The Surveyors Exc hange,61.18733333,210.1050278,43
TSK2,21730S010,Tsukuba JAPAN ,36.10558333,140.0871111,69.9
TSKB,21730S005,Tsukuba JAPAN ,36.10566667,140.0875,65.4
TSKT,49125M001,Tusket CANADA ,43.86991667,294.0369444,-2.1
TUAP,12382M001,TUAPSE RUSSIA ,44.09963889,39.06558333,81.2
TUBI,20806M001,Gebze TURKEY ,40.78672222,29.45069444,220.3
TUC2,12617M003,Chania GREECE ,35.53319444,24.07055556,160.9
TUKT,40165M001,Tuktoyaktuk - Nor thwes,69.43822222,227.0056389,-1.5
TUVA,51101M001,FUNAFUTI TUVALU ,-8.525277778,179.1965556,36.4
TWTF,23603S002,Taoyuan TAIWAN ,24.95355556,121.1645,201.5
TXFS,49273M001,Fort Stockton UN ITED,30.89391667,257.1334722,877.6
TXGA,49872M001,GALVESTON UNITED STAT,29.32786111,265.2273611,-10.7
TXHO,49241M001,Hondo UNITED STA TES O,29.34386111,260.8655556,248.6
TXKM,49274M001,Kermit UNITED ST ATES,31.84261111,256.8913056,848
TXLU,49573S001,LUBBOCK TEXAS U NITED,33.53541667,258.1571667,956
TXTY,49218M001,Tyler UNITED STA TES O,32.24961111,264.6063889,120.1
UCSF,49371M001,University of Cal iforn,37.76297222,237.5418333,154.6
UFPR,41610M002,Curitiba - Parana  BRA,-25.44836111,310.7690556,925.8
ULAB,24201M001,Ulaanbataar - Zuu nmod,47.86505556,107.0523333,1575.5
ULDI,30318M001,Ulundi SOUTH AFR ICA,-28.29311111,31.42091667,607.9
UNB3,40146M002,Fredericton CANA DA,45.95022222,293.3582778,22.8
UNBJ,40146M002,Fredericton CANA DA,45.95022222,293.3582778,22.8
UNSA,41514M001,Salta ARGENTINA ,-24.72744444,294.5923611,1257.8
URUM,21612M001,Urumqi CHINA ,43.80794444,87.60066667,858.9
USN7,40451S009,Washington UNITE D STA,38.92055556,282.9337222,58.9
USN8,40451S009,Washington UNITE D STA,38.92055556,282.9337222,58.9
USN9,40451S009,Washington UNITE D STA,38.92055556,282.9337222,58.9
USUD,21729S007,USUDA JAPAN ,36.13311111,138.3620556,1506.8
UTQI,49508M002,BARROW - ALASKA UNITE,71.32275,203.3849722,10.3
UYMO,42301M001,Montevideo URUGU AY,-34.88830556,303.7401111,158.2
VACS,39003M001,Vacoas Meteo MAU RITIU,-20.29708333,57.49702778,419.2
VALD,40156M001,VAL D OR CANADA ,48.09705556,282.4358333,312.8
VALE,13439M001,Valencia SPAIN ,39.48083333,359.6623611,77.6
VARS,10322M002,DOMEN NORWAY ,70.33638889,31.03119444,174.9
VEN1,19513M001,Venezia II ITALY ,45.43058333,12.35408333,60.4
VIGO,13450M001,Vigo SPAIN ,42.18397222,351.1869444,87.8
VIKC,10363M001,Vikna NORWAY ,64.86372222,11.24216667,59.2
VILL,13406M001,VILLAFRANCA SPAI N,40.44358333,356.0480278,647.3
VIS0,10423M001,Visby SWEDEN ,57.65386111,18.36730556,79.8
VIS6,10423M002,Visby SWEDEN ,57.65391667,18.36736111,79.5
VLIS,13538M001,Vlissingen THE N EDERL,51.44288889,3.597333333,54.4
VNDP,40420M007,VANDENBERG AFB U NITED,34.55630556,239.3835556,-13.5
VOIM,33303M001,Ambalavao MADAGA SCAR,-21.90630556,46.79327778,1163.4
VRTG,92204M001,Port Vairao SOCI ETE I,-17.80594444,210.7046667,11.7
WAB2,14014M002,Wabern SWITZERLA ND,46.92375,7.46425,611.2
WAIM,50239M001,Waimate NEW ZEAL AND,-44.65569444,170.9203056,1044.8
WARK,50243M001,Warkworth NEW ZE ALAND,-36.43441667,174.6627778,111.3
WARN,14277M002,WARNEMUENDE GERM ANY,54.16977778,12.10141667,50.7
WDC5,40451S010,Washington UNITE D STA,38.92055556,282.9336944,59
WDC6,40451S010,Washington UNITE D STA,38.92055556,282.9336944,59
WES2,40440S020,WESTFORD UNITED STATE,42.61333333,288.5066667,85
WEYB,19178M001,Weybourne UNITED KING,52.94486111,1.130333333,74.1
WGTN,50208M003,Wellington NEW Z EALAN,-41.32344444,174.8058889,26
WGTT,50208S004,Wellington NEW Z EALAN,-41.29044444,174.7815833,43
WHC1,40461M001,WHITTIER UNITED STATE,33.97988889,241.9688333,94.2
WHIT,40136M001,WHITEHORSE GPS SI TE C,60.7505,224.7778889,1425.6
WHNG,50218M001,Whangarei NEW ZE ALAND,-35.80375,174.3145556,172.8
WIDC,49917M001,WIDE CANYON UNIT ED ST,33.93475,243.6082222,445
WIL1,49464M001,Wilkes Barre Leh man,41.30525,283.9846944,384.4
WILL,40134M001,WILLIAMS LAKE CA NADA,52.23686111,237.8321944,1093.8
WIND,31101M001,Windhoek NAMIBIA ,-22.57491667,17.08944444,1734.7
WINN,44327M001,WINN RACS-GSD CA NADA,49.90061111,262.7405278,220.4
WMGA,59961M001,Warramunga AUSTR ALIA,-19.93336111,134.3545278,416.4
WROC,12217M001,Wroclaw POLAND ,51.11325,17.06205556,180.8
WSRT,13506M005,WESTERBORK THE N EDERL,52.91461111,6.6045,80.4
WTZA,14201M013,Wettzell GERMANY ,49.14422222,12.87888889,664
WTZR,14201M010,Wettzell GERMANY ,49.14419444,12.87891667,666
WTZS,14201M015,Wettzell GERMANY ,49.14477778,12.87863889,663.4
WTZZ,14201M014,Wettzell GERMANY ,49.14422222,12.87891667,665.9
WUH2,21602M007,WUHAN-JIUFENG CH INA,30.53166667,114.3572778,26.2
WUHN,21602M001,WUHAN-JIUFENG CH INA,30.53163889,114.3572778,25.9
WVGB,40441M002,Greenbank UNITED STAT,38.43013889,280.1829722,811.2
WYLC,49220M001,Laramie County U NITED,41.10452778,255.2246389,1823.9
XMIS,50183M001,Christmas Island AUST,-10.44994444,105.6885,261.5
YAR2,50107M004,Yarragadee AUSTR ALIA,-29.04655556,115.3469722,239.3
YAR3,50107M008,Yarragadee AUSTR ALIA,-29.0465,115.3471389,242.4
YARR,50107M006,Yarragadee AUSTR ALIA,-29.04658333,115.3469722,241.4
YEBE,13420M001,Yebes SPAIN ,40.52491667,356.9113889,970.8
YEL2,40127M006,Yellowknife CANA DA,62.48133333,245.5191389,179.2
YELL,40127M003,Yellowknife CANA DA,62.48088889,245.5193056,181
YIBL,25001M001,Yibal OMAN ,22.18647222,56.11233333,95.1
YKRO,32601M001,YAMOUSSOUKRO COT E D'I,6.870555556,354.7599167,270.3
ZADA,11905M001,Zadar CROATIA ,44.11316667,15.22758333,64.3
ZAMB,34601M001,Lusaka ZAMBIA ,-15.42552778,28.31102778,1324.9
ZAN1,49520S001,ANCHORAGE (FAA) ALASK,61.22919444,210.21975,80.3
ZDC1,49205M001,DC WAAS 1 UNITED STAT,39.10158333,282.45725,79.6
ZECK,12351M001,ZELENCHUKSKAYA R USSIA,43.78838889,41.56508333,1164.4
ZIM2,14001M008,Zimmerwald SWITZ ERLAN,46.87711111,7.465027778,954.5
ZIMM,14001M004,Zimmerwald SWITZ ERLAN,46.87711111,7.465277778,956.4
ZKC1,49206M001,Kansas Cty WAAS 1  UNI,38.88016667,265.2091667,305.5
ZSU4,49286M001,San Juan WAAS 4 UNITE,18.43133333,294.0065278,-28.5
